<?xml version="1.0"?>
<dock-layout><layout name="back-up"><dock name="__dock_1" floating="no" width="-1" height="-1" floatx="0" floaty="0"><paned orientation="vertical" locked="no" position="464"><paned orientation="horizontal" locked="no" position="270"><notebook orientation="vertical" locked="no" page="1"><item name="AnjutaFileManager" orientation="vertical" locked="no"/><item name="AnjutaProjectManager" orientation="vertical" locked="no"/><item name="AnjutaSymbolDB" orientation="vertical" locked="no"/><item name="AnjutaGladePalette" orientation="vertical" locked="no"/></notebook><paned orientation="horizontal" locked="no" position="746"><item name="AnjutaDocumentManager" orientation="vertical" locked="no"/><item name="AnjutaGladeTree" orientation="vertical" locked="no"/></paned></paned><paned orientation="vertical" locked="no" position="76"><item name="AnjutaTerminal" orientation="vertical" locked="no"/><paned orientation="horizontal" locked="no" position="651"><item name="snippets_browser" orientation="vertical" locked="no"/><notebook orientation="vertical" locked="no" page="2"><item name="AnjutaDebuggerWatch" orientation="vertical" locked="no"/><item name="AnjutaDebuggerBreakpoints" orientation="vertical" locked="no"/><item name="AnjutaMessageView" orientation="vertical" locked="no"/></notebook></paned></paned></paned></dock></layout><layout name="__default__"><dock name="__dock_1" floating="no" width="-1" height="-1" floatx="0" floaty="0"><paned orientation="vertical" locked="no" position="464"><paned orientation="horizontal" locked="no" position="221"><notebook orientation="vertical" locked="no" page="3"><item name="AnjutaFileManager" orientation="vertical" locked="no"/><item name="AnjutaProjectManager" orientation="vertical" locked="no"/><item name="AnjutaSymbolDB" orientation="vertical" locked="no"/><item name="AnjutaGladePalette" orientation="vertical" locked="no"/></notebook><paned orientation="horizontal" locked="no" position="752"><item name="AnjutaDocumentManager" orientation="vertical" locked="no"/><item name="AnjutaGladeTree" orientation="vertical" locked="no"/></paned></paned><paned orientation="vertical" locked="no" position="76"><item name="AnjutaTerminal" orientation="vertical" locked="no"/><paned orientation="horizontal" locked="no" position="651"><notebook orientation="vertical" locked="no" page="1"><item name="snippets_browser" orientation="vertical" locked="no"/><item name="AnjutaMessageView" orientation="vertical" locked="no"/></notebook><notebook orientation="vertical" locked="no" page="1"><item name="AnjutaDebuggerWatch" orientation="vertical" locked="no"/><item name="AnjutaDebuggerBreakpoints" orientation="vertical" locked="no"/></notebook></paned></paned></paned></dock></layout></dock-layout>
